weather,traffic_density,road_condition,visibility,vehicle_speed_kmh,time_of_day,road_type,risk_level
Cloudy,Low,Dry,Medium,82,Evening,City,Medium
Fog,Medium,Dry,Medium,64,Morning,Rural,Medium
Heavy Rain,High,Damaged,High,47,Night,Residential,High
Light Rain,Medium,Dry,Medium,66,Afternoon,Highway,Medium
Clear,High,Dry,Medium,50,Afternoon,Rural,Low
Clear,Medium,Wet,Medium,45,Afternoon,City,Low
Clear,Medium,Dry,Low,37,Night,City,Medium
Heavy Rain,High,Wet,High,26,Afternoon,Highway,Medium
Light Rain,Low,Dry,Medium,51,Morning,Highway,Low
Light Rain,Medium,Dry,High,61,Morning,Rural,Low
Clear,Low,Dry,High,56,Afternoon,City,Low
Fog,High,Dry,High,51,Evening,Highway,Medium
Heavy Rain,High,Damaged,High,41,Afternoon,Highway,Medium
Clear,Low,Dry,High,69,Morning,Residential,Low
Clear,Medium,Dry,Medium,34,Morning,City,Low
Clear,High,Dry,High,72,Afternoon,Highway,Low
Clear,Low,Dry,Medium,40,Night,Residential,Low
Cloudy,Medium,Wet,High,44,Afternoon,City,Low
Cloudy,High,Dry,High,32,Night,Residential,Low
Clear,Low,Wet,Medium,49,Afternoon,Highway,Low
Light Rain,Medium,Damaged,High,76,Morning,Residential,Medium
Clear,Low,Wet,High,67,Night,Residential,Medium
Clear,High,Damaged,Medium,76,Afternoon,City,Medium
Cloudy,High,Dry,High,67,Evening,Highway,Medium
Cloudy,High,Dry,High,38,Night,Rural,Medium
Heavy Rain,Medium,Dry,High,52,Morning,Highway,Medium
Clear,High,Wet,Low,44,Morning,Rural,Medium
Cloudy,High,Damaged,Medium,82,Evening,Highway,High
Light Rain,Low,Dry,Medium,36,Afternoon,City,Low
Clear,High,Wet,Medium,74,Morning,Highway,Medium
Light Rain,Low,Dry,High,74,Morning,Rural,Low
Clear,Medium,Wet,High,91,Morning,City,Medium
Clear,Low,Dry,Medium,51,Evening,Rural,Low
Fog,Low,Damaged,High,71,Morning,Rural,Medium
Fog,Low,Wet,High,99,Afternoon,Highway,High
Heavy Rain,Medium,Dry,High,47,Evening,City,Medium
Clear,Low,Dry,High,30,Afternoon,Residential,Low
Clear,Medium,Dry,Low,24,Morning,City,Low
Light Rain,Low,Dry,High,71,Evening,Residential,Low
Cloudy,Low,Dry,High,24,Morning,Highway,Low
Clear,Medium,Wet,High,51,Evening,Highway,Medium
Cloudy,High,Wet,Low,66,Night,Residential,High
Clear,Low,Dry,High,61,Afternoon,Highway,Low
Fog,Medium,Dry,High,66,Afternoon,Highway,Medium
Clear,High,Wet,Medium,62,Afternoon,Highway,Medium
Light Rain,Medium,Wet,Medium,81,Afternoon,Highway,High
Clear,Low,Dry,High,41,Night,Highway,Low
Cloudy,Low,Wet,High,46,Night,Residential,Low
Cloudy,High,Dry,High,44,Afternoon,Highway,Low
Clear,Low,Dry,High,73,Evening,Highway,Low
Fog,High,Dry,High,74,Night,Residential,Medium
Heavy Rain,Medium,Dry,High,66,Night,City,Medium
Fog,High,Dry,High,79,Afternoon,City,Medium
Heavy Rain,High,Damaged,High,37,Afternoon,Rural,Medium
Light Rain,High,Wet,Medium,88,Afternoon,Residential,High
Fog,Medium,Wet,Low,85,Night,Highway,High
Clear,High,Dry,Medium,71,Morning,Highway,Medium
Clear,Medium,Dry,High,90,Evening,City,Medium
Clear,Medium,Wet,High,28,Afternoon,Highway,Low
Clear,Medium,Dry,Low,49,Afternoon,Highway,Medium
Cloudy,High,Dry,High,45,Afternoon,Highway,Low
Clear,High,Dry,High,71,Night,Highway,Medium
Heavy Rain,High,Wet,Medium,39,Morning,City,Medium
Cloudy,Medium,Dry,Medium,72,Evening,City,Low
Clear,Medium,Dry,Medium,83,Morning,Rural,Medium
Cloudy,Medium,Wet,High,71,Morning,Highway,Medium
Clear,Low,Dry,High,63,Afternoon,Highway,Low
Heavy Rain,Low,Dry,Low,40,Afternoon,City,Medium
Clear,Medium,Dry,High,43,Afternoon,City,Low
Fog,Low,Dry,Medium,80,Afternoon,Residential,Medium
Heavy Rain,Low,Wet,Medium,72,Morning,Highway,Medium
Clear,Low,Dry,Medium,57,Afternoon,Highway,Low
Clear,Low,Dry,High,50,Night,City,Low
Heavy Rain,Low,Wet,High,22,Night,Residential,Medium
Light Rain,High,Wet,Medium,39,Afternoon,City,Medium
Light Rain,Medium,Wet,Low,92,Evening,City,High
Heavy Rain,Medium,Dry,Low,35,Night,Highway,High
Clear,Medium,Dry,High,61,Morning,City,Low
Cloudy,Low,Damaged,High,76,Night,City,Medium
Clear,High,Wet,Low,35,Night,Highway,High
Heavy Rain,High,Dry,Medium,61,Morning,Residential,Medium
Light Rain,Low,Dry,Low,75,Morning,Residential,Medium
Clear,Medium,Dry,High,58,Night,Highway,Low
Clear,High,Damaged,Medium,110,Afternoon,City,Medium
Clear,High,Dry,Medium,28,Morning,City,Low
Clear,Medium,Dry,Medium,77,Afternoon,Rural,Low
Light Rain,Medium,Dry,High,55,Afternoon,Highway,Low
Light Rain,Low,Wet,High,72,Evening,Residential,Medium
Heavy Rain,High,Wet,Medium,66,Evening,City,High
Cloudy,Low,Dry,High,45,Night,Highway,Low
Clear,High,Wet,High,62,Afternoon,City,Low
Light Rain,Medium,Damaged,Low,25,Afternoon,Highway,Medium
Heavy Rain,Medium,Dry,High,69,Afternoon,Rural,Medium
Light Rain,Medium,Dry,Medium,63,Afternoon,Rural,Low
Heavy Rain,Low,Dry,High,69,Morning,Highway,Medium
Cloudy,Low,Wet,Medium,77,Night,Highway,Medium
Cloudy,Low,Wet,Low,65,Night,Rural,High
Cloudy,Low,Wet,High,61,Afternoon,Residential,Low
Clear,High,Wet,High,42,Evening,City,Medium
Clear,Medium,Dry,High,45,Morning,Highway,Low
Clear,Low,Damaged,High,79,Afternoon,City,Low
Light Rain,High,Dry,Medium,84,Evening,Highway,High
Clear,High,Dry,Low,54,Afternoon,Highway,Medium
Cloudy,High,Wet,High,59,Night,Highway,Medium
Fog,High,Wet,High,42,Evening,Highway,High
Clear,Low,Dry,High,79,Afternoon,City,Low
Cloudy,Medium,Wet,Medium,70,Evening,Highway,Medium
Heavy Rain,High,Damaged,High,93,Morning,Residential,High
Clear,Medium,Dry,Medium,42,Afternoon,Residential,Low
Clear,Low,Damaged,Medium,51,Afternoon,City,Low
Clear,High,Dry,Medium,62,Afternoon,Rural,Low
Clear,Low,Dry,High,70,Evening,Rural,Low
Fog,Low,Dry,Medium,54,Afternoon,City,Low
Heavy Rain,Medium,Wet,High,42,Evening,City,Medium
Light Rain,Medium,Wet,High,74,Evening,Residential,Medium
Heavy Rain,Medium,Dry,Low,71,Afternoon,Residential,Medium
Heavy Rain,Low,Dry,Medium,42,Night,Rural,Medium
Clear,High,Wet,High,82,Morning,Rural,Medium
Heavy Rain,Low,Dry,High,79,Morning,Highway,Medium
Cloudy,Low,Wet,High,60,Afternoon,Highway,Low
Heavy Rain,High,Wet,High,59,Afternoon,City,Medium
Heavy Rain,High,Dry,High,68,Morning,City,Medium
Clear,High,Damaged,High,42,Evening,Highway,Medium
Clear,High,Dry,High,59,Afternoon,Highway,Low
Clear,Medium,Damaged,Medium,20,Afternoon,Highway,Medium
Cloudy,Medium,Wet,Medium,74,Night,Residential,Medium
Heavy Rain,Low,Wet,Medium,30,Evening,City,Medium
Heavy Rain,Medium,Dry,High,85,Night,Highway,High
Clear,Medium,Wet,Low,52,Morning,City,Medium
Cloudy,Low,Dry,Medium,54,Evening,Highway,Low
Cloudy,Medium,Dry,Medium,47,Night,Residential,Low
Clear,Medium,Dry,Medium,53,Evening,Residential,Low
Clear,Low,Wet,Low,84,Evening,Rural,High
Clear,Low,Dry,High,20,Afternoon,City,Low
Fog,Medium,Wet,High,81,Morning,Highway,High
Clear,Low,Wet,Medium,64,Afternoon,City,Low
Cloudy,High,Dry,Medium,36,Afternoon,Highway,Low
Light Rain,Medium,Wet,Medium,39,Night,Rural,Medium
Cloudy,Medium,Dry,High,88,Morning,Residential,Low
Fog,Medium,Wet,High,41,Night,Rural,High
Fog,High,Wet,High,37,Night,City,High
Clear,Low,Dry,Low,78,Morning,Rural,Medium
Cloudy,Medium,Wet,Medium,64,Afternoon,City,Low
Clear,Medium,Dry,High,41,Night,Rural,Low
Clear,Low,Dry,High,62,Night,City,Low
Clear,High,Wet,High,40,Afternoon,City,Low
Light Rain,High,Dry,Low,78,Afternoon,Highway,Medium
Cloudy,Medium,Dry,Medium,77,Afternoon,Rural,Low
Clear,High,Dry,Medium,68,Evening,City,Medium
Clear,High,Wet,High,65,Afternoon,Highway,Medium
Fog,Medium,Dry,Medium,90,Evening,Rural,High
Clear,High,Dry,High,58,Morning,Highway,Low
Clear,Medium,Wet,Medium,37,Morning,City,Low
Cloudy,Medium,Wet,High,66,Afternoon,Highway,Medium
Fog,Medium,Dry,High,96,Afternoon,Highway,Medium
Clear,High,Dry,Medium,40,Afternoon,Rural,Low
Light Rain,Low,Dry,Low,51,Afternoon,Residential,Low
Heavy Rain,High,Dry,High,65,Afternoon,Highway,Medium
Clear,High,Dry,Medium,57,Morning,Rural,Low
Light Rain,Low,Wet,High,40,Afternoon,Highway,Low
Cloudy,High,Wet,High,78,Night,City,Medium
Light Rain,Low,Wet,High,100,Afternoon,City,Medium
Light Rain,Low,Dry,High,62,Afternoon,Highway,Low
Cloudy,Medium,Wet,High,42,Evening,City,Low
Clear,Low,Dry,High,30,Night,Rural,Low
Heavy Rain,High,Damaged,High,63,Morning,Residential,Medium
Clear,High,Wet,Low,78,Evening,City,High
Clear,Medium,Dry,High,67,Evening,Highway,Low
Clear,Low,Wet,Medium,58,Evening,Residential,Low
Light Rain,Low,Dry,High,47,Morning,Rural,Low
Light Rain,Medium,Wet,Medium,38,Evening,Rural,Medium
Clear,High,Dry,High,73,Morning,Highway,Low
Cloudy,Medium,Dry,High,74,Evening,Residential,Low
Clear,Low,Wet,High,30,Evening,Highway,Low
Light Rain,Medium,Dry,High,87,Morning,Highway,Medium
Clear,Medium,Wet,High,68,Night,City,Medium
Light Rain,High,Dry,Medium,83,Morning,City,Medium
Cloudy,Low,Wet,Low,34,Night,Highway,Medium
Fog,High,Wet,Medium,33,Afternoon,City,Medium
Clear,Medium,Dry,Medium,55,Morning,City,Low
Clear,High,Dry,High,67,Morning,Residential,Low
Clear,Low,Dry,High,90,Night,City,Medium
Fog,Medium,Dry,High,71,Morning,Highway,Medium
Heavy Rain,High,Dry,High,54,Morning,Highway,Medium
Clear,Low,Wet,High,40,Afternoon,Rural,Low
Light Rain,High,Damaged,High,80,Evening,Highway,High
Heavy Rain,Medium,Wet,High,41,Afternoon,City,Medium
Light Rain,Low,Wet,High,87,Morning,Highway,Medium
Cloudy,Low,Wet,Medium,53,Afternoon,Residential,Low
Clear,Medium,Wet,Medium,87,Morning,Rural,Medium
Clear,Low,Dry,High,70,Morning,Highway,Low
Heavy Rain,Medium,Damaged,Low,56,Afternoon,City,High
Fog,Low,Wet,Low,49,Evening,Rural,High
Light Rain,Medium,Wet,High,52,Morning,City,Low
Clear,Low,Dry,High,66,Afternoon,Highway,Low
Clear,High,Dry,High,59,Afternoon,Highway,Low
Light Rain,High,Dry,Low,47,Night,City,Medium
Heavy Rain,High,Wet,Low,55,Night,City,High
Heavy Rain,Medium,Dry,High,59,Night,City,Medium
Heavy Rain,Low,Dry,High,20,Morning,Residential,Low
Light Rain,High,Damaged,Medium,66,Morning,Rural,Medium
Clear,Low,Dry,High,40,Afternoon,City,Low
Clear,Low,Dry,High,37,Afternoon,Residential,Low
Heavy Rain,Low,Dry,Low,28,Afternoon,City,Medium
Light Rain,Medium,Wet,Medium,26,Evening,Highway,Medium
Clear,High,Damaged,Medium,34,Night,City,Medium
Clear,Medium,Dry,Low,45,Night,Rural,Medium
Light Rain,Medium,Wet,Medium,93,Afternoon,Residential,Medium
Clear,Low,Dry,High,49,Evening,Residential,Low
Clear,High,Damaged,Medium,61,Afternoon,Residential,Medium
Cloudy,Medium,Wet,High,65,Morning,Highway,Medium
Light Rain,Medium,Wet,Medium,60,Evening,Rural,Medium
Light Rain,Low,Dry,High,57,Morning,Residential,Low
Clear,High,Damaged,Medium,36,Afternoon,Rural,Medium
Light Rain,Medium,Wet,High,84,Afternoon,Highway,Medium
Clear,Low,Dry,High,91,Evening,City,Low
Clear,Low,Wet,High,28,Evening,Highway,Low
Heavy Rain,Medium,Dry,High,40,Afternoon,City,Low
Light Rain,Medium,Wet,Medium,53,Night,Highway,Medium
Heavy Rain,Low,Dry,Medium,41,Afternoon,Highway,Medium
Light Rain,High,Wet,High,67,Afternoon,Highway,Medium
Light Rain,Low,Dry,High,45,Evening,City,Low
Clear,Medium,Dry,High,97,Evening,City,Medium
Cloudy,High,Dry,High,79,Night,Highway,Medium
Clear,Medium,Dry,High,62,Morning,Rural,Low
Clear,Medium,Dry,Low,76,Evening,Highway,Medium
Fog,Medium,Dry,High,78,Evening,Highway,Medium
Cloudy,Low,Wet,High,48,Night,Residential,Low
Heavy Rain,High,Dry,High,43,Morning,Highway,Medium
Light Rain,Medium,Dry,High,59,Evening,City,Low
Heavy Rain,High,Wet,High,74,Evening,Highway,High
Cloudy,Low,Dry,Medium,61,Afternoon,City,Low
Light Rain,Low,Damaged,High,30,Afternoon,Rural,Low
Cloudy,Low,Wet,High,44,Afternoon,City,Low
Clear,Medium,Wet,High,57,Evening,Highway,Medium
Light Rain,Medium,Wet,High,57,Night,City,Medium
Clear,High,Wet,High,94,Evening,City,Medium
Clear,Medium,Dry,Low,33,Evening,Residential,Medium
Light Rain,High,Dry,Medium,67,Afternoon,City,Medium
Clear,Low,Dry,Medium,85,Morning,City,Low
Fog,High,Wet,High,99,Morning,Highway,High
Fog,High,Dry,High,51,Afternoon,City,Medium
Fog,High,Wet,High,67,Afternoon,City,Medium
Cloudy,High,Damaged,Medium,68,Morning,Residential,Medium
Clear,High,Wet,Medium,62,Afternoon,Residential,Medium
Fog,Medium,Dry,High,56,Afternoon,Rural,Medium
Cloudy,Low,Dry,High,66,Afternoon,Rural,Low
Fog,Low,Wet,High,20,Afternoon,Residential,Medium
Fog,High,Wet,Low,70,Morning,City,High
Heavy Rain,Medium,Dry,Medium,60,Night,Residential,Medium
Clear,High,Dry,High,54,Night,Residential,Low
Cloudy,Medium,Damaged,High,95,Evening,Residential,Medium
Heavy Rain,Low,Wet,Medium,46,Morning,Highway,Medium
Clear,Low,Wet,High,51,Evening,City,Low
Clear,Medium,Wet,High,94,Night,Residential,Medium
Light Rain,Medium,Wet,High,43,Evening,Residential,Medium
Fog,Low,Dry,Medium,48,Morning,Rural,Medium
Light Rain,Medium,Dry,High,55,Evening,City,Low
Light Rain,Low,Dry,High,73,Night,City,Low
Clear,Medium,Dry,Low,62,Evening,City,Medium
Light Rain,Low,Wet,High,35,Evening,Residential,Low
Fog,High,Wet,High,48,Afternoon,City,Medium
Clear,Low,Wet,High,47,Afternoon,City,Low
Cloudy,Medium,Dry,High,57,Morning,Rural,Low
Heavy Rain,Low,Wet,Medium,66,Evening,City,Medium
Heavy Rain,Low,Wet,High,66,Morning,Residential,Medium
Light Rain,Medium,Wet,High,26,Afternoon,Highway,Medium
Light Rain,Medium,Wet,Medium,77,Afternoon,Residential,Medium
Cloudy,Medium,Dry,Medium,63,Afternoon,Highway,Low
Clear,Low,Dry,Medium,83,Morning,Rural,Medium
Heavy Rain,Medium,Dry,High,66,Evening,Rural,Medium
Heavy Rain,High,Dry,High,78,Evening,City,Medium
Heavy Rain,High,Dry,Medium,66,Morning,City,Medium
Fog,Low,Wet,High,82,Morning,City,Medium
Cloudy,Medium,Damaged,Medium,67,Morning,Residential,Medium
Cloudy,Low,Wet,Medium,56,Night,Rural,Medium
Heavy Rain,Low,Wet,Medium,99,Afternoon,Highway,High
Light Rain,High,Dry,High,74,Afternoon,Highway,Medium
Light Rain,Low,Wet,High,68,Morning,City,Low
Heavy Rain,Medium,Dry,Medium,35,Evening,Residential,Medium
Heavy Rain,Medium,Dry,High,35,Night,Rural,Medium
Clear,Medium,Dry,High,63,Night,City,Low
Cloudy,Medium,Dry,Low,61,Evening,Highway,Medium
Clear,Low,Dry,Low,47,Morning,City,Low
Light Rain,Low,Dry,High,61,Morning,Highway,Low
Clear,Medium,Dry,High,87,Morning,Highway,Medium
Cloudy,Low,Damaged,High,71,Afternoon,City,Low
Cloudy,Medium,Dry,Medium,37,Morning,Highway,Low
Clear,Low,Dry,Low,56,Afternoon,City,Low
Light Rain,Low,Dry,High,44,Afternoon,Highway,Low
Clear,Medium,Wet,High,51,Night,Highway,Medium
Clear,Low,Dry,Low,51,Evening,City,Low
Heavy Rain,Medium,Dry,High,49,Night,Residential,Medium
Cloudy,Medium,Dry,High,35,Evening,Residential,Low
Clear,High,Dry,Low,56,Morning,Highway,Medium
Cloudy,Low,Dry,High,48,Evening,City,Low
Heavy Rain,Low,Dry,Medium,20,Afternoon,Residential,Low
Clear,Low,Dry,High,95,Evening,Rural,Medium
Light Rain,Medium,Dry,High,78,Afternoon,City,Low
Clear,Medium,Dry,Medium,51,Night,City,Low
Clear,Low,Wet,High,58,Afternoon,City,Low
Cloudy,High,Wet,Low,37,Afternoon,Highway,Medium
Cloudy,Low,Dry,Medium,89,Night,City,Medium
Light Rain,Medium,Dry,High,92,Morning,Highway,Medium
Light Rain,Medium,Damaged,High,61,Evening,Residential,Medium
Fog,High,Dry,High,76,Evening,Highway,Medium
Cloudy,Medium,Dry,High,61,Night,Highway,Low
Clear,High,Wet,High,34,Night,Highway,Medium
Heavy Rain,Low,Dry,High,51,Night,Highway,Medium
Clear,High,Dry,High,60,Morning,City,Low
Cloudy,Low,Dry,Medium,50,Night,City,Low
Clear,High,Wet,Medium,54,Evening,Rural,Medium
Clear,Medium,Dry,Medium,56,Evening,City,Low
Fog,High,Wet,High,57,Morning,Residential,Medium
Heavy Rain,Medium,Damaged,High,59,Evening,Rural,Medium
Light Rain,Medium,Dry,Medium,39,Night,City,Medium
Cloudy,Medium,Dry,High,45,Night,Highway,Low
Clear,Medium,Dry,High,35,Afternoon,Highway,Low
Clear,Low,Dry,Medium,76,Morning,Rural,Low
Clear,Low,Dry,Medium,20,Afternoon,Rural,Low
Cloudy,Low,Damaged,High,79,Night,Residential,Medium
Light Rain,Low,Wet,High,83,Evening,City,Medium
Light Rain,High,Wet,Medium,53,Afternoon,Residential,Medium
Clear,Low,Dry,Medium,20,Morning,Highway,Low
Fog,High,Wet,Medium,51,Afternoon,Highway,High
Heavy Rain,Low,Damaged,Medium,57,Afternoon,City,Medium
Light Rain,Low,Wet,Medium,40,Night,City,Medium
Light Rain,High,Dry,High,49,Evening,Residential,Low
Cloudy,Medium,Wet,High,86,Afternoon,Highway,Medium
Clear,Medium,Dry,Medium,70,Afternoon,City,Low
Cloudy,Medium,Dry,Medium,41,Morning,Highway,Low
Heavy Rain,Medium,Dry,Medium,29,Night,Rural,Medium
Clear,Low,Wet,High,52,Afternoon,Residential,Low
Clear,High,Wet,High,54,Afternoon,City,Low
Clear,High,Dry,Low,67,Afternoon,City,Medium
Clear,Medium,Dry,Medium,48,Evening,City,Low
Heavy Rain,Low,Dry,Low,67,Evening,Rural,High
Light Rain,Medium,Dry,Medium,93,Evening,Highway,Medium
Cloudy,Low,Dry,Medium,73,Afternoon,Highway,Low
Clear,Low,Dry,Medium,57,Afternoon,Highway,Low
Cloudy,Low,Wet,Low,55,Morning,Highway,Medium
Cloudy,Medium,Dry,Medium,52,Evening,Residential,Low
Clear,High,Dry,Medium,79,Morning,Highway,Medium
Cloudy,Medium,Dry,High,47,Evening,City,Low
Cloudy,Medium,Damaged,High,59,Night,City,Medium
Light Rain,Medium,Wet,Medium,59,Night,Highway,Medium
Light Rain,Low,Wet,High,49,Afternoon,Rural,Low
Clear,Medium,Dry,High,33,Afternoon,City,Low
Cloudy,High,Wet,High,64,Morning,Rural,Medium
Light Rain,Low,Dry,High,57,Evening,Residential,Low
Cloudy,High,Wet,High,67,Night,City,Medium
Heavy Rain,Medium,Damaged,High,48,Morning,City,Medium
Light Rain,Medium,Wet,Low,80,Afternoon,City,High
Clear,Medium,Wet,High,42,Night,Residential,Medium
Clear,Medium,Wet,High,89,Night,City,Medium
Light Rain,High,Dry,High,27,Morning,Highway,Low
Clear,High,Damaged,Medium,66,Evening,Highway,Medium
Light Rain,Medium,Dry,High,67,Morning,Residential,Low
Fog,Low,Dry,Medium,44,Morning,City,Low
Light Rain,Medium,Dry,Medium,66,Night,Highway,Medium
Cloudy,High,Dry,Medium,81,Night,Highway,High
Light Rain,Low,Dry,High,20,Evening,Highway,Low
Cloudy,Medium,Dry,Medium,67,Morning,Residential,Low
Cloudy,Medium,Dry,High,20,Night,City,Low
Fog,Medium,Wet,Low,41,Afternoon,Residential,High
Cloudy,Low,Dry,Medium,87,Afternoon,Residential,Low
Fog,Medium,Dry,High,48,Afternoon,Highway,Medium
Fog,High,Wet,High,37,Morning,Residential,Medium
Clear,Low,Dry,High,54,Evening,Highway,Low
Clear,Low,Wet,Medium,95,Evening,City,Medium
Clear,High,Wet,High,25,Morning,Residential,Low
Clear,Low,Wet,Medium,39,Morning,Highway,Low
Clear,High,Wet,High,85,Morning,Highway,Medium
Light Rain,Medium,Dry,Medium,91,Morning,City,Medium
Clear,Low,Wet,Medium,56,Evening,Rural,Medium
Clear,High,Dry,Medium,36,Night,Highway,Medium
Heavy Rain,Medium,Dry,Medium,96,Morning,City,Medium
Clear,Medium,Wet,High,87,Morning,Highway,Medium
Heavy Rain,Medium,Dry,High,70,Evening,Residential,Medium
Clear,Medium,Wet,Medium,43,Night,Residential,Medium
Clear,Low,Wet,High,57,Afternoon,Highway,Low
Light Rain,Medium,Wet,High,55,Afternoon,Rural,Medium
Light Rain,High,Damaged,High,64,Evening,City,Medium
Heavy Rain,Low,Dry,High,84,Afternoon,Highway,Medium
Heavy Rain,Medium,Dry,High,74,Morning,Rural,Medium
Heavy Rain,Low,Wet,Low,39,Evening,Rural,High
Clear,High,Dry,High,83,Evening,Residential,Medium
Clear,Low,Wet,Medium,64,Evening,Rural,Medium
Heavy Rain,High,Wet,High,70,Evening,City,High
Heavy Rain,Medium,Wet,Medium,84,Evening,Rural,High
Fog,Low,Dry,High,38,Morning,City,Low
Cloudy,Low,Dry,Low,57,Afternoon,City,Low
Cloudy,Low,Dry,Low,48,Morning,City,Low
Heavy Rain,Medium,Dry,High,30,Morning,Highway,Medium
Clear,Low,Wet,Low,64,Evening,City,Medium
Fog,High,Dry,Low,103,Night,City,High
Heavy Rain,Medium,Dry,Medium,25,Night,City,Medium
Cloudy,Low,Dry,Medium,57,Evening,City,Low
Heavy Rain,Medium,Wet,High,70,Morning,Highway,Medium
Heavy Rain,Medium,Wet,Medium,60,Morning,Highway,Medium
Clear,Low,Dry,High,56,Night,City,Low
Fog,Low,Dry,High,35,Evening,Residential,Low
Cloudy,Low,Dry,Low,62,Evening,Rural,Medium
Heavy Rain,Medium,Dry,High,44,Evening,Residential,Medium
Clear,Medium,Wet,Medium,20,Evening,City,Medium
Heavy Rain,Medium,Wet,Medium,80,Night,Residential,High
Cloudy,High,Dry,Low,75,Morning,City,Medium
Clear,High,Dry,Low,59,Evening,City,Medium
Fog,Medium,Damaged,High,62,Night,City,Medium
Clear,High,Dry,High,77,Afternoon,Residential,Low
Clear,Low,Wet,High,62,Evening,City,Low
Fog,Low,Dry,High,74,Afternoon,City,Low
Fog,Low,Dry,High,53,Night,City,Medium
Light Rain,Low,Dry,High,82,Morning,Rural,Medium
Light Rain,Medium,Dry,Medium,64,Evening,Highway,Medium
Cloudy,High,Damaged,Medium,61,Morning,City,Medium
Clear,Low,Dry,High,35,Evening,Highway,Low
Clear,Low,Dry,Medium,63,Morning,Highway,Low
Light Rain,Medium,Dry,High,43,Morning,Residential,Low
Heavy Rain,High,Dry,High,47,Afternoon,City,Medium
Heavy Rain,Low,Dry,Medium,43,Night,Rural,Medium
Heavy Rain,Medium,Dry,Medium,39,Morning,City,Medium
Clear,Low,Wet,Medium,96,Morning,Residential,Medium
Cloudy,Low,Dry,High,82,Evening,City,Low
Clear,High,Dry,Medium,93,Afternoon,Highway,Medium
Cloudy,High,Damaged,Medium,36,Night,Highway,Medium
Cloudy,Low,Dry,Medium,59,Morning,Highway,Low
Heavy Rain,High,Damaged,Medium,35,Evening,City,High
Cloudy,Medium,Dry,Low,45,Morning,Residential,Low
Clear,High,Wet,Medium,41,Morning,City,Medium
Clear,Medium,Wet,Medium,80,Evening,Residential,Medium
Heavy Rain,Medium,Wet,Low,51,Evening,Residential,High
Light Rain,Medium,Damaged,Medium,77,Evening,Highway,Medium
Clear,Medium,Dry,High,69,Afternoon,Residential,Low
Clear,Low,Damaged,Medium,99,Afternoon,Residential,Medium
Light Rain,Low,Dry,High,31,Afternoon,Highway,Low
Clear,Low,Dry,High,81,Night,Residential,Medium
Heavy Rain,Medium,Dry,Medium,79,Afternoon,City,Medium
Light Rain,Low,Dry,Low,40,Afternoon,Highway,Medium
Clear,Medium,Dry,Low,76,Afternoon,Residential,Medium
Clear,High,Wet,High,64,Evening,Highway,Medium
Fog,Low,Dry,High,54,Afternoon,City,Low
Cloudy,Medium,Wet,High,43,Night,Highway,Medium
Cloudy,Medium,Wet,Low,45,Afternoon,Residential,Medium
Heavy Rain,High,Dry,Low,95,Night,Rural,High
Fog,Low,Dry,Medium,58,Morning,Highway,Medium
Fog,Medium,Dry,Medium,72,Evening,Residential,Medium
Heavy Rain,High,Dry,Medium,44,Night,Rural,High
Cloudy,High,Dry,Medium,44,Morning,City,Low
Clear,Medium,Dry,High,77,Night,City,Low
Heavy Rain,Medium,Dry,High,34,Afternoon,Residential,Low
Light Rain,Medium,Damaged,Medium,51,Night,Residential,Medium
Cloudy,High,Wet,Medium,59,Evening,Rural,Medium
Fog,Medium,Dry,High,60,Afternoon,Highway,Medium
Clear,Low,Wet,Low,55,Morning,City,Medium
Cloudy,High,Dry,High,65,Afternoon,Highway,Low
Clear,Medium,Dry,High,70,Morning,City,Low
Cloudy,Medium,Wet,Medium,71,Morning,City,Medium
Clear,Low,Dry,Medium,40,Morning,Residential,Low
Clear,Medium,Dry,Medium,53,Afternoon,City,Low
Clear,Medium,Damaged,High,80,Evening,Residential,Medium
Light Rain,Medium,Wet,High,74,Morning,Highway,Medium
Heavy Rain,Low,Wet,Medium,33,Morning,Highway,Medium
Light Rain,Medium,Wet,Medium,64,Evening,City,Medium
Fog,High,Wet,High,22,Morning,City,Medium
Cloudy,Low,Dry,Medium,59,Morning,City,Low
Clear,High,Dry,High,92,Morning,Rural,Medium
Heavy Rain,Medium,Dry,Medium,41,Night,Residential,Medium
Clear,High,Dry,Medium,43,Night,Highway,Medium
Fog,High,Dry,High,72,Afternoon,City,Medium
Clear,Medium,Dry,High,30,Evening,Rural,Low
Fog,Medium,Damaged,Medium,47,Afternoon,City,Medium
Clear,High,Damaged,Medium,69,Evening,City,Medium
Heavy Rain,Medium,Wet,Medium,47,Evening,Highway,High
Cloudy,Low,Dry,Medium,54,Evening,Rural,Low
Fog,Medium,Wet,Medium,71,Afternoon,City,Medium
Clear,High,Dry,Low,66,Morning,City,Medium
Light Rain,High,Wet,High,63,Afternoon,Rural,Medium
Fog,High,Dry,High,52,Night,City,Medium
Cloudy,Medium,Wet,High,65,Evening,City,Medium
Light Rain,High,Dry,High,56,Night,Highway,Medium
Light Rain,Low,Wet,Medium,66,Night,Rural,Medium
Cloudy,Medium,Damaged,High,49,Morning,Highway,Low
Light Rain,Low,Dry,Low,55,Evening,Rural,Medium
Light Rain,Low,Dry,Medium,40,Evening,Residential,Low
Fog,Medium,Damaged,Medium,57,Night,City,High
Clear,Medium,Dry,High,43,Night,Rural,Low
Clear,Medium,Wet,High,38,Evening,Highway,Medium
Fog,Medium,Wet,High,63,Morning,City,Medium
Heavy Rain,Medium,Dry,High,62,Evening,Highway,Medium
Cloudy,Low,Dry,High,72,Morning,City,Low
Light Rain,Medium,Dry,Medium,50,Evening,City,Low
Clear,Low,Wet,Low,65,Night,City,Medium
Clear,Low,Dry,Low,68,Afternoon,Highway,Medium
Cloudy,Medium,Dry,Medium,66,Evening,Residential,Low
Cloudy,Medium,Dry,High,43,Afternoon,Highway,Low
Light Rain,Medium,Wet,Low,61,Afternoon,Rural,Medium
Clear,Medium,Wet,Low,65,Afternoon,City,Medium
Fog,Medium,Damaged,High,58,Evening,City,Medium
Fog,High,Dry,Medium,20,Night,City,Medium
Light Rain,Medium,Wet,High,61,Night,City,Medium
Cloudy,Medium,Wet,Medium,98,Morning,City,Medium
Clear,Low,Wet,Low,52,Night,Residential,Medium
Heavy Rain,Low,Damaged,High,45,Evening,Rural,Medium
Light Rain,Medium,Dry,Low,65,Afternoon,Rural,Medium
Clear,Medium,Dry,Medium,64,Morning,City,Low
Fog,Medium,Wet,Low,79,Afternoon,Rural,High
Heavy Rain,Medium,Dry,High,35,Night,City,Medium
Fog,Medium,Wet,Medium,71,Evening,City,High
Light Rain,High,Wet,High,69,Evening,Rural,Medium
Light Rain,High,Dry,High,55,Afternoon,Highway,Low
Cloudy,Medium,Wet,High,64,Evening,City,Low
Fog,High,Dry,Low,77,Morning,Highway,High
Heavy Rain,Low,Dry,Medium,74,Afternoon,City,Medium
Clear,Low,Wet,Low,37,Evening,Residential,Medium
Clear,Low,Damaged,Low,73,Morning,Highway,Medium
Cloudy,Medium,Dry,High,57,Night,Rural,Low
Heavy Rain,High,Dry,High,59,Morning,City,Medium
Fog,Low,Wet,High,59,Evening,Highway,Medium
Clear,High,Wet,High,55,Afternoon,Highway,Medium
Light Rain,Low,Wet,High,79,Evening,Highway,Medium
Cloudy,High,Dry,High,56,Morning,City,Low
Fog,Medium,Dry,High,38,Morning,Residential,Low
Heavy Rain,Low,Dry,High,51,Night,Rural,Medium
Heavy Rain,Medium,Wet,High,61,Afternoon,Rural,Medium
Cloudy,Low,Dry,High,80,Night,Residential,Medium
Cloudy,Low,Dry,Low,69,Night,Rural,Medium
Clear,Low,Damaged,Medium,43,Morning,Highway,Low
Clear,High,Dry,Low,103,Afternoon,Residential,Medium
Heavy Rain,Medium,Damaged,High,63,Evening,City,Medium
Heavy Rain,Low,Wet,High,81,Night,Highway,High
Fog,Medium,Wet,Medium,55,Night,City,High
Fog,Medium,Dry,High,68,Afternoon,Highway,Medium
Light Rain,Low,Dry,High,73,Evening,City,Low
Heavy Rain,Medium,Wet,High,80,Morning,Rural,High
Fog,Low,Wet,High,77,Night,City,Medium
Heavy Rain,Low,Wet,High,74,Night,City,Medium
Clear,Medium,Dry,High,52,Morning,Highway,Low
Cloudy,Low,Wet,Medium,48,Afternoon,City,Low
Clear,Medium,Wet,High,64,Morning,City,Low
Fog,Medium,Wet,High,75,Afternoon,City,Medium
Light Rain,Low,Wet,Medium,54,Night,Highway,Medium
Clear,Medium,Wet,High,77,Afternoon,Highway,Medium
Light Rain,Low,Wet,High,84,Morning,Residential,Medium
Light Rain,High,Dry,Low,42,Afternoon,Residential,Medium
Cloudy,Medium,Dry,High,43,Night,Highway,Low
Clear,High,Dry,High,55,Evening,City,Low
Light Rain,Medium,Dry,High,64,Afternoon,City,Low
Cloudy,Low,Dry,High,49,Morning,Residential,Low
Heavy Rain,Medium,Dry,Medium,82,Night,City,High
Cloudy,High,Dry,Medium,66,Night,City,Medium
Heavy Rain,Medium,Dry,High,59,Afternoon,Residential,Low
Light Rain,High,Wet,Medium,32,Morning,Highway,Medium
Light Rain,High,Damaged,High,34,Morning,City,Medium
Heavy Rain,Low,Dry,High,63,Morning,City,Low
Cloudy,Low,Damaged,Medium,20,Evening,Rural,Medium
Clear,Medium,Dry,High,76,Night,Rural,Medium
Clear,Medium,Dry,High,55,Afternoon,Residential,Low
Heavy Rain,High,Dry,High,116,Night,Highway,High
Light Rain,High,Dry,High,100,Afternoon,Highway,Medium
Light Rain,Medium,Wet,High,55,Evening,Rural,Medium
Clear,Low,Wet,Medium,56,Evening,Rural,Medium
Clear,High,Dry,High,76,Morning,City,Low
Clear,Low,Dry,High,89,Afternoon,Residential,Low
Cloudy,High,Dry,High,29,Evening,City,Low
Light Rain,Medium,Dry,Medium,26,Morning,City,Low
Cloudy,Medium,Dry,Medium,47,Afternoon,Residential,Low
Cloudy,Low,Dry,Medium,68,Afternoon,Highway,Low
Fog,Medium,Wet,Medium,67,Night,Rural,High
Clear,Medium,Damaged,Low,77,Afternoon,City,Medium
Cloudy,Medium,Dry,High,36,Night,Highway,Low
Heavy Rain,Low,Damaged,High,20,Afternoon,Rural,Medium
Cloudy,Medium,Dry,Medium,73,Evening,Rural,Medium
Light Rain,High,Dry,Low,43,Evening,City,Medium
Heavy Rain,Low,Dry,Low,22,Night,Highway,High
Fog,Low,Wet,High,61,Afternoon,Highway,Medium
Clear,Low,Damaged,High,72,Evening,City,Low
Fog,Medium,Wet,High,56,Evening,Rural,Medium
Cloudy,Medium,Dry,Medium,50,Afternoon,Rural,Low
Clear,Medium,Wet,High,55,Morning,City,Low
Cloudy,Low,Dry,High,51,Morning,City,Low
Fog,Medium,Wet,Medium,34,Morning,City,Medium
Cloudy,Medium,Dry,High,45,Night,Rural,Low
Clear,Medium,Dry,Low,67,Morning,City,Medium
Light Rain,High,Wet,High,64,Morning,Highway,Medium
Clear,Low,Wet,High,61,Evening,Highway,Low
Clear,Medium,Dry,High,40,Afternoon,Highway,Low
Clear,Medium,Wet,Medium,55,Afternoon,City,Low
Clear,Medium,Dry,High,20,Morning,City,Low
Clear,Medium,Wet,High,61,Night,Rural,Medium
Clear,Medium,Wet,Low,84,Night,Rural,High
Light Rain,High,Wet,High,31,Night,Residential,Medium
Clear,Low,Wet,Medium,47,Afternoon,City,Low
Clear,Low,Dry,Medium,64,Evening,City,Low
Heavy Rain,Medium,Dry,High,81,Morning,Highway,Medium
Cloudy,Medium,Wet,Medium,50,Morning,City,Low
Light Rain,Low,Dry,High,46,Morning,Rural,Low
Clear,Low,Dry,Medium,23,Evening,Highway,Low
Clear,Low,Dry,High,60,Afternoon,City,Low
Clear,High,Dry,Medium,95,Afternoon,Rural,Medium
Clear,Low,Wet,High,63,Morning,Rural,Low
Clear,Low,Dry,Medium,58,Afternoon,City,Low
Clear,Low,Wet,High,64,Evening,Highway,Low
Clear,Medium,Dry,High,58,Afternoon,City,Low
Clear,Low,Dry,High,43,Evening,Highway,Low
Cloudy,Medium,Dry,High,73,Morning,City,Low
Clear,Low,Dry,Medium,62,Night,Highway,Low
Cloudy,High,Dry,High,58,Evening,Rural,Low
Cloudy,Low,Wet,Low,40,Morning,Highway,Medium
Light Rain,Medium,Dry,Low,81,Morning,City,Medium
Clear,High,Wet,Medium,70,Evening,Highway,Medium
Heavy Rain,Medium,Dry,High,48,Night,City,Medium
Light Rain,Medium,Dry,High,76,Afternoon,Rural,Low
Clear,Low,Wet,Medium,49,Afternoon,Highway,Low
Heavy Rain,Low,Dry,High,44,Night,City,Medium
Fog,Medium,Dry,High,44,Evening,City,Medium
Clear,High,Dry,Medium,26,Afternoon,Residential,Low
Clear,Medium,Dry,Medium,66,Afternoon,City,Low
Heavy Rain,Medium,Wet,Medium,25,Morning,Residential,Medium
Heavy Rain,Medium,Dry,High,36,Evening,City,Medium
Clear,Medium,Wet,Medium,21,Afternoon,City,Low
Clear,Low,Wet,High,56,Night,Highway,Medium
Cloudy,Medium,Dry,High,55,Afternoon,Rural,Low
Cloudy,High,Damaged,Low,52,Afternoon,Rural,Medium
Light Rain,Low,Dry,High,39,Evening,City,Low
Cloudy,Medium,Damaged,High,37,Night,Highway,Medium
Cloudy,Low,Dry,High,66,Night,City,Low
Heavy Rain,Medium,Wet,Low,48,Afternoon,Highway,High
Clear,Low,Dry,Medium,64,Evening,Highway,Low
Clear,Medium,Dry,Medium,42,Evening,Rural,Low
Light Rain,High,Wet,Medium,61,Afternoon,Rural,Medium
Heavy Rain,Low,Wet,High,81,Morning,Highway,High
Cloudy,Medium,Dry,High,69,Afternoon,Highway,Low
Cloudy,High,Dry,High,51,Morning,Rural,Low
Clear,High,Wet,High,63,Night,Residential,Medium
Cloudy,Low,Wet,High,54,Afternoon,City,Low
Cloudy,Medium,Damaged,Low,58,Night,City,Medium
Clear,Low,Wet,High,52,Afternoon,Highway,Low
Clear,High,Damaged,High,55,Evening,City,Medium
Cloudy,High,Wet,High,62,Afternoon,City,Low
Clear,Medium,Dry,High,40,Morning,City,Low
Clear,High,Dry,Low,40,Afternoon,Highway,Medium
Clear,Medium,Wet,High,33,Morning,City,Low
Clear,Medium,Wet,High,29,Evening,City,Low
Clear,Low,Dry,Medium,36,Afternoon,City,Low
Heavy Rain,High,Dry,High,61,Evening,Residential,Medium
Light Rain,Low,Damaged,High,42,Morning,Rural,Low
Light Rain,High,Dry,High,67,Morning,Highway,Medium
Heavy Rain,High,Dry,Medium,59,Afternoon,Highway,Medium
Cloudy,Medium,Dry,Low,23,Night,Rural,Medium
Clear,Low,Dry,Medium,70,Evening,City,Low
Cloudy,Low,Dry,High,73,Afternoon,City,Low
Light Rain,Low,Dry,Medium,40,Afternoon,City,Low
Heavy Rain,Medium,Dry,High,66,Morning,City,Medium
Cloudy,Low,Wet,High,43,Night,Highway,Medium
Clear,High,Dry,High,60,Evening,Rural,Low
Clear,Medium,Wet,High,35,Afternoon,Highway,Low
Cloudy,Low,Wet,High,26,Evening,Highway,Low
Light Rain,Medium,Dry,Medium,51,Morning,Rural,Low
Light Rain,Medium,Wet,Low,56,Night,City,High
Cloudy,Medium,Dry,High,51,Morning,City,Low
Fog,Medium,Wet,High,37,Evening,Highway,Medium
Light Rain,High,Dry,High,51,Morning,Highway,Low
Clear,Medium,Wet,High,63,Evening,City,Low
Clear,High,Wet,Medium,57,Evening,Highway,Medium
Clear,High,Dry,High,61,Evening,Highway,Low
Clear,Low,Dry,Medium,46,Evening,Residential,Low
Clear,High,Wet,High,79,Night,Highway,Medium
Clear,Low,Wet,High,37,Morning,City,Low
Clear,High,Dry,High,67,Afternoon,City,Low
Clear,Medium,Wet,High,79,Morning,Highway,Medium
Heavy Rain,High,Dry,High,67,Night,City,Medium
Clear,High,Wet,Medium,54,Afternoon,Rural,Medium
Cloudy,High,Dry,High,48,Evening,Highway,Low
Cloudy,High,Wet,Medium,77,Evening,City,Medium
Fog,Low,Dry,High,32,Morning,Residential,Low
Clear,Low,Dry,High,41,Morning,Highway,Low
Cloudy,Medium,Dry,High,51,Afternoon,City,Low
Fog,Low,Dry,Medium,80,Afternoon,Residential,Medium
Heavy Rain,Medium,Dry,High,65,Morning,Rural,Medium
Heavy Rain,Low,Dry,Medium,41,Morning,Residential,Low
Clear,High,Wet,High,52,Night,City,Medium
Clear,Medium,Dry,Medium,47,Night,Highway,Medium
Light Rain,High,Dry,High,45,Afternoon,Residential,Low
Fog,Low,Dry,Medium,76,Afternoon,City,Medium
Light Rain,High,Dry,Medium,33,Morning,City,Low
Light Rain,High,Dry,Low,87,Evening,Rural,High
Clear,Medium,Dry,High,73,Night,City,Low
Heavy Rain,Medium,Dry,High,78,Morning,Residential,Medium
Clear,High,Dry,High,50,Morning,Highway,Low
Clear,Low,Dry,Medium,55,Evening,Highway,Low
Cloudy,Medium,Wet,High,32,Evening,City,Low
Cloudy,Medium,Dry,Medium,49,Morning,Residential,Low
Clear,Low,Dry,High,67,Evening,Highway,Low
Clear,Medium,Damaged,High,81,Afternoon,Highway,Medium
Light Rain,Low,Dry,High,38,Afternoon,Residential,Low
Clear,Low,Wet,Low,51,Evening,Residential,Medium
Light Rain,Low,Dry,Medium,55,Night,Rural,Medium
Clear,High,Wet,Low,33,Afternoon,Highway,Medium
Cloudy,Medium,Wet,High,69,Night,Highway,Medium
Cloudy,High,Dry,Medium,45,Afternoon,Rural,Low
Clear,Medium,Damaged,Medium,54,Evening,Highway,Medium
Clear,Low,Dry,High,50,Afternoon,City,Low
Clear,Medium,Dry,Medium,44,Night,City,Low
Clear,Medium,Wet,Low,58,Night,Residential,Medium
Fog,Low,Wet,Low,54,Morning,Highway,High
Clear,Medium,Dry,Medium,51,Night,Residential,Low
Heavy Rain,Low,Dry,High,45,Night,Highway,Medium
Clear,Medium,Dry,High,64,Evening,City,Low
Light Rain,Medium,Dry,Low,88,Morning,Highway,High
Heavy Rain,Low,Wet,High,61,Night,City,Medium
Light Rain,Low,Dry,Medium,76,Night,Highway,Medium
Cloudy,High,Dry,Medium,33,Afternoon,Highway,Low
Cloudy,Medium,Dry,Medium,61,Night,Highway,Medium
Clear,Low,Dry,Low,38,Morning,Residential,Low
Fog,High,Dry,High,31,Morning,Residential,Medium
Heavy Rain,Low,Wet,High,45,Afternoon,Residential,Medium
Fog,Medium,Damaged,High,79,Evening,City,Medium
Clear,High,Wet,High,75,Evening,City,Medium
Heavy Rain,Low,Dry,High,62,Morning,Highway,Low
Fog,Low,Wet,High,30,Night,Rural,Medium
Clear,Low,Wet,Medium,54,Morning,Residential,Low
Clear,Low,Wet,Low,63,Morning,Residential,Medium
Heavy Rain,Low,Dry,High,61,Morning,City,Low
Light Rain,Medium,Dry,High,25,Evening,Highway,Low
Heavy Rain,Low,Dry,Low,42,Night,Highway,High
Clear,Medium,Dry,High,57,Evening,City,Low
Heavy Rain,High,Dry,High,68,Night,City,Medium
Clear,High,Dry,High,20,Morning,Rural,Low
Clear,Medium,Dry,Medium,55,Afternoon,City,Low
Clear,Low,Wet,High,61,Afternoon,City,Low
Heavy Rain,Medium,Dry,Low,73,Afternoon,City,Medium
Light Rain,Medium,Dry,High,70,Morning,Rural,Low
Cloudy,Medium,Damaged,High,68,Evening,Highway,Medium
Cloudy,Low,Damaged,High,44,Afternoon,Residential,Low
Heavy Rain,High,Wet,High,24,Evening,Rural,High
Cloudy,Medium,Damaged,Medium,51,Afternoon,City,Low
Heavy Rain,Low,Dry,Medium,76,Morning,Highway,Medium
Cloudy,Medium,Damaged,Medium,83,Evening,City,Medium
Cloudy,Medium,Dry,Medium,71,Morning,City,Low
Cloudy,High,Dry,Low,66,Night,Residential,Medium
Clear,Medium,Dry,Medium,65,Evening,Residential,Low
Heavy Rain,High,Dry,Medium,48,Morning,Highway,Medium
Cloudy,Low,Dry,High,56,Night,Highway,Low
Clear,Medium,Wet,High,88,Afternoon,Highway,Medium
Heavy Rain,Medium,Wet,High,41,Morning,City,Medium
Cloudy,Low,Wet,Medium,87,Evening,City,Medium
Cloudy,Low,Dry,High,52,Afternoon,City,Low
Fog,High,Wet,High,82,Night,City,High
Light Rain,Low,Wet,Low,33,Night,Residential,Medium
Clear,Medium,Dry,Low,69,Night,City,Medium
Fog,Low,Wet,Low,45,Afternoon,City,Medium
Light Rain,Low,Dry,High,33,Afternoon,Highway,Low
Clear,Low,Dry,Medium,62,Evening,Rural,Low
Clear,High,Damaged,High,76,Morning,City,Medium
Heavy Rain,High,Dry,High,43,Afternoon,City,Medium
Light Rain,High,Dry,High,31,Afternoon,Highway,Low
Cloudy,Medium,Wet,High,56,Morning,Residential,Low
Heavy Rain,Low,Wet,High,56,Afternoon,Highway,Medium
Heavy Rain,Medium,Dry,Medium,68,Night,Residential,Medium
Clear,Medium,Dry,High,75,Night,Rural,Medium
Clear,High,Dry,Medium,57,Morning,Residential,Low
Clear,Low,Wet,High,91,Morning,Highway,Medium
Heavy Rain,Medium,Dry,High,62,Afternoon,Highway,Medium
Clear,Low,Dry,High,52,Night,City,Low
Light Rain,Low,Damaged,High,29,Morning,Rural,Low
Heavy Rain,Medium,Dry,Medium,53,Evening,Highway,Medium
Heavy Rain,Medium,Dry,High,52,Morning,City,Low
Clear,Medium,Dry,High,75,Evening,Residential,Low
Heavy Rain,Medium,Wet,High,66,Afternoon,City,Medium
Clear,Medium,Dry,High,37,Evening,Highway,Low
Heavy Rain,High,Dry,Low,61,Morning,Highway,High
Clear,High,Wet,High,70,Evening,Highway,Medium
Cloudy,High,Dry,Medium,86,Morning,Residential,Medium
Heavy Rain,High,Dry,Medium,74,Evening,City,Medium
Clear,Low,Dry,Low,72,Night,Highway,Medium
Clear,Medium,Dry,Medium,59,Morning,Highway,Low
Light Rain,Medium,Dry,Medium,65,Night,Residential,Medium
Light Rain,Low,Dry,Medium,80,Evening,Residential,Medium
Light Rain,High,Dry,Low,34,Morning,Highway,Medium
Light Rain,Low,Dry,High,52,Afternoon,Highway,Low
Cloudy,High,Wet,High,44,Morning,City,Low
Clear,Medium,Damaged,High,65,Evening,Rural,Medium
Clear,Medium,Wet,Medium,80,Evening,Highway,High
Clear,Medium,Wet,Medium,47,Morning,Residential,Low
Fog,High,Dry,High,20,Afternoon,City,Medium
Light Rain,Medium,Damaged,Medium,51,Night,City,Medium
Cloudy,Medium,Dry,High,74,Night,Highway,Medium
Cloudy,Low,Damaged,High,68,Afternoon,Rural,Low
Fog,Medium,Damaged,Low,66,Night,Highway,High
Clear,Low,Wet,High,53,Afternoon,Rural,Low
Light Rain,Medium,Damaged,High,35,Afternoon,Highway,Medium
Cloudy,Medium,Wet,Medium,67,Night,Highway,Medium
Light Rain,Medium,Dry,Medium,43,Afternoon,City,Low
Clear,Low,Dry,High,97,Afternoon,Residential,Low
Heavy Rain,Low,Wet,Medium,68,Afternoon,City,Medium
Fog,Medium,Dry,High,48,Night,Rural,Medium
Light Rain,Low,Wet,High,47,Night,Rural,Medium
Light Rain,Low,Damaged,High,56,Afternoon,Rural,Low
Fog,Low,Dry,Medium,54,Afternoon,Highway,Medium
Light Rain,High,Wet,High,78,Afternoon,Residential,Medium
Clear,Medium,Damaged,Low,61,Evening,Residential,Medium
Light Rain,Medium,Damaged,Medium,45,Morning,City,Medium
Light Rain,Low,Damaged,Low,92,Evening,Highway,High
Cloudy,Low,Dry,High,59,Afternoon,City,Low
Heavy Rain,High,Damaged,Low,72,Afternoon,Highway,High
Fog,Medium,Wet,High,47,Morning,City,Medium
Fog,Low,Dry,High,65,Morning,City,Low
Cloudy,Low,Dry,High,64,Night,Highway,Low
Clear,Low,Wet,High,24,Afternoon,Highway,Low
Fog,Medium,Dry,Medium,94,Morning,Highway,High
Heavy Rain,High,Wet,High,81,Afternoon,City,High
Clear,Low,Wet,High,51,Afternoon,Highway,Low
Fog,Low,Dry,Medium,38,Morning,City,Low
Heavy Rain,Low,Wet,High,64,Afternoon,Highway,Medium
Cloudy,High,Wet,Medium,60,Afternoon,Highway,Medium
Light Rain,Low,Dry,High,64,Evening,Highway,Low
Cloudy,High,Dry,Medium,61,Afternoon,Residential,Low
Clear,Medium,Dry,Medium,67,Afternoon,City,Low
Clear,Medium,Dry,High,84,Night,Residential,Medium
Heavy Rain,Low,Damaged,High,68,Afternoon,Highway,Medium
Clear,Low,Dry,High,39,Afternoon,Highway,Low
Clear,Medium,Wet,Medium,83,Morning,Highway,Medium
Cloudy,High,Dry,High,88,Afternoon,City,Medium
Cloudy,Medium,Dry,High,115,Evening,Residential,Medium
Fog,Medium,Wet,High,38,Morning,Highway,Medium
Clear,Low,Wet,High,62,Evening,City,Low
Clear,High,Dry,High,21,Morning,City,Low
Heavy Rain,High,Dry,Medium,68,Afternoon,City,Medium
Cloudy,Low,Dry,High,48,Evening,Rural,Low
Clear,High,Dry,High,93,Afternoon,Residential,Medium
Cloudy,Medium,Wet,Medium,44,Evening,City,Medium
Clear,Medium,Dry,Medium,28,Morning,Highway,Low
Clear,Medium,Dry,High,50,Evening,Highway,Low
Cloudy,High,Dry,High,22,Morning,Residential,Low
Cloudy,Medium,Damaged,High,72,Night,City,Medium
Fog,Low,Damaged,Low,21,Morning,City,Medium
Cloudy,Low,Dry,High,59,Night,Rural,Low
Light Rain,High,Wet,Low,21,Afternoon,City,Medium
Light Rain,Low,Dry,Medium,52,Evening,City,Low
Clear,Medium,Dry,High,88,Afternoon,Rural,Medium
Light Rain,Medium,Wet,High,64,Night,Highway,Medium
Clear,Medium,Damaged,High,42,Morning,City,Low
Fog,Medium,Damaged,High,57,Morning,City,Medium
Clear,High,Wet,High,58,Afternoon,City,Low
Cloudy,Low,Dry,Medium,67,Morning,City,Low
Clear,Low,Wet,Low,33,Morning,Rural,Medium
Fog,Low,Dry,Medium,69,Night,Highway,Medium
Cloudy,High,Wet,Medium,20,Night,Residential,Medium
Light Rain,Medium,Dry,High,47,Afternoon,Rural,Low
Clear,Low,Wet,High,49,Night,Highway,Medium
Heavy Rain,High,Dry,High,69,Afternoon,City,Medium
Clear,High,Dry,Medium,58,Afternoon,Highway,Low
Heavy Rain,High,Damaged,Low,33,Evening,Rural,High
Clear,High,Dry,Medium,40,Evening,Residential,Low
Clear,Low,Dry,High,62,Night,City,Low
Clear,High,Dry,High,57,Afternoon,Residential,Low
Cloudy,Medium,Dry,Medium,48,Evening,Highway,Low
Light Rain,High,Dry,High,49,Morning,Rural,Low
Clear,Medium,Dry,Medium,71,Morning,City,Low
Heavy Rain,High,Wet,Medium,49,Morning,Highway,High
Cloudy,Medium,Dry,Medium,56,Night,Rural,Medium
Cloudy,Low,Damaged,High,97,Night,Highway,Medium
Cloudy,Medium,Wet,High,32,Evening,Highway,Medium
Cloudy,High,Dry,High,25,Afternoon,City,Low
Light Rain,High,Wet,High,72,Afternoon,City,Medium
Clear,Low,Dry,High,46,Morning,City,Low
Clear,Low,Wet,Medium,52,Afternoon,Rural,Low
Heavy Rain,Low,Dry,Medium,44,Afternoon,City,Low
Fog,Medium,Dry,High,53,Evening,Highway,Medium
Cloudy,High,Wet,High,87,Afternoon,Residential,Medium
Clear,Low,Damaged,High,72,Morning,City,Low
Light Rain,Medium,Wet,High,74,Morning,Highway,Medium
Cloudy,High,Dry,Medium,33,Morning,Residential,Low
Clear,Medium,Wet,High,37,Afternoon,Rural,Low
Clear,Medium,Dry,High,20,Night,Highway,Low
Light Rain,Medium,Dry,High,43,Evening,Residential,Low
Light Rain,Medium,Dry,Low,75,Night,City,Medium
Clear,Low,Wet,Medium,67,Afternoon,Rural,Medium
Clear,Medium,Dry,High,54,Afternoon,City,Low
Clear,Medium,Dry,High,58,Morning,Residential,Low
Light Rain,High,Wet,Medium,46,Night,City,Medium
Clear,Medium,Dry,Low,62,Evening,Rural,Medium
Clear,High,Dry,High,72,Morning,Residential,Low
Heavy Rain,Low,Dry,Low,29,Afternoon,Residential,Medium
Clear,Medium,Damaged,Low,63,Afternoon,City,Medium
Light Rain,Low,Dry,Low,75,Evening,Highway,Medium
Clear,Low,Dry,Medium,51,Night,Highway,Low
Clear,Medium,Wet,Medium,71,Evening,Residential,Medium
Clear,High,Wet,High,109,Afternoon,City,Medium
Light Rain,Low,Dry,Medium,56,Morning,Rural,Low
Heavy Rain,Medium,Wet,High,65,Morning,Rural,Medium
Heavy Rain,High,Wet,Medium,45,Morning,City,Medium
Cloudy,Low,Wet,High,61,Morning,Residential,Low
Light Rain,Medium,Dry,Medium,66,Evening,Highway,Medium
Clear,Medium,Wet,Medium,62,Evening,Highway,Medium
Clear,Medium,Dry,High,40,Morning,City,Low
Heavy Rain,Low,Dry,Medium,62,Night,Highway,Medium
Clear,Medium,Dry,High,84,Morning,Residential,Low
Clear,High,Dry,Medium,66,Afternoon,Highway,Medium
Clear,Medium,Dry,High,75,Morning,Highway,Low
Clear,Low,Wet,High,54,Afternoon,Residential,Low
Clear,High,Dry,Low,71,Afternoon,Residential,Medium
Light Rain,Low,Dry,High,63,Afternoon,City,Low
Cloudy,Medium,Dry,Medium,41,Afternoon,Rural,Low
Heavy Rain,Low,Dry,High,64,Night,Highway,Medium
Heavy Rain,High,Damaged,High,40,Morning,City,Medium
Clear,Medium,Dry,High,47,Morning,City,Low
Clear,Low,Dry,Medium,61,Morning,Highway,Low
Cloudy,Low,Dry,High,63,Evening,Rural,Low
Light Rain,Low,Dry,High,37,Morning,Highway,Low
Clear,High,Dry,High,77,Night,Residential,Medium
Light Rain,High,Wet,High,68,Afternoon,City,Medium
Cloudy,Medium,Damaged,Low,45,Afternoon,Highway,Medium
Light Rain,Medium,Dry,Low,30,Evening,Rural,Medium
Cloudy,Medium,Wet,High,55,Morning,Residential,Low
Clear,High,Wet,Medium,50,Morning,City,Medium
Fog,Medium,Wet,High,60,Afternoon,Highway,Medium
Heavy Rain,Medium,Dry,Medium,51,Evening,City,Medium
Clear,Medium,Dry,Medium,22,Morning,Highway,Low
Heavy Rain,Medium,Dry,Low,51,Morning,Residential,Medium
Cloudy,Low,Wet,High,52,Night,Residential,Low
Heavy Rain,Medium,Wet,Medium,69,Morning,City,Medium
Heavy Rain,Medium,Dry,High,45,Night,Rural,Medium
Cloudy,High,Dry,Low,88,Evening,Highway,High
Clear,Low,Damaged,High,24,Afternoon,Highway,Low
Clear,Medium,Wet,Medium,82,Morning,Highway,Medium
Cloudy,Medium,Damaged,Medium,54,Morning,Highway,Medium
Light Rain,Medium,Wet,Medium,73,Evening,Highway,Medium
Clear,Low,Dry,High,59,Evening,Highway,Low
Clear,Medium,Wet,Low,79,Evening,Highway,High
Heavy Rain,Medium,Wet,High,51,Night,City,Medium
Fog,Medium,Dry,Medium,38,Evening,Residential,Medium
Cloudy,Medium,Dry,High,84,Morning,Highway,Medium
Clear,Medium,Wet,High,56,Morning,City,Low
Clear,High,Dry,High,62,Night,Residential,Low
Clear,Low,Wet,High,80,Morning,Rural,Medium
Fog,High,Wet,High,39,Morning,Rural,Medium
Clear,Medium,Damaged,High,69,Evening,Highway,Medium
Light Rain,Low,Dry,High,47,Afternoon,City,Low
Clear,Low,Dry,Medium,56,Night,Highway,Low
Light Rain,Low,Wet,Low,59,Evening,City,Medium
Light Rain,High,Dry,High,31,Morning,Rural,Low
Heavy Rain,Medium,Wet,High,44,Night,City,Medium
Clear,High,Wet,High,82,Afternoon,City,Medium
Clear,Medium,Dry,High,74,Afternoon,Highway,Low
Clear,Medium,Dry,Medium,57,Afternoon,Highway,Low
Fog,Low,Dry,Medium,62,Morning,Residential,Low
Heavy Rain,Low,Dry,High,53,Afternoon,Highway,Low
Light Rain,Medium,Damaged,High,82,Morning,City,Medium
Light Rain,Low,Wet,High,54,Afternoon,City,Low
Light Rain,Low,Wet,Medium,62,Afternoon,Highway,Medium
Clear,Medium,Wet,Low,79,Evening,City,Medium
Fog,Medium,Dry,High,44,Night,Highway,Medium
Cloudy,High,Damaged,High,86,Morning,Highway,Medium
Cloudy,High,Wet,Low,30,Afternoon,Residential,Medium
Cloudy,Medium,Wet,Low,87,Afternoon,Rural,High
Clear,Medium,Wet,High,51,Morning,Rural,Low
Clear,Medium,Dry,High,54,Evening,Rural,Low
Heavy Rain,High,Wet,High,24,Evening,City,Medium
Clear,Low,Dry,Medium,50,Morning,City,Low
Light Rain,Medium,Dry,High,39,Afternoon,City,Low
Clear,High,Dry,High,47,Morning,Rural,Low
Cloudy,Medium,Damaged,Medium,56,Evening,Rural,Medium
Clear,Medium,Wet,High,75,Morning,Rural,Medium
Cloudy,Medium,Wet,Medium,62,Night,City,Medium
Light Rain,Low,Wet,High,64,Evening,Rural,Medium
Clear,Medium,Wet,High,38,Afternoon,Highway,Low
Light Rain,Low,Damaged,Medium,42,Evening,City,Medium
Cloudy,Low,Dry,High,90,Night,Highway,Medium
Light Rain,Low,Dry,Low,45,Evening,City,Medium
Fog,High,Dry,High,88,Morning,Highway,High
Heavy Rain,Low,Wet,High,54,Afternoon,City,Medium
Clear,Medium,Wet,Medium,58,Night,Highway,Medium
Clear,Low,Dry,High,77,Evening,Highway,Low
Clear,High,Dry,Low,81,Evening,Rural,High
Light Rain,Low,Wet,High,56,Night,Residential,Medium
Clear,Medium,Dry,High,51,Night,Highway,Low
Cloudy,High,Wet,High,57,Night,Residential,Medium
Light Rain,High,Damaged,High,64,Morning,Rural,Medium
Clear,Low,Dry,Medium,74,Afternoon,City,Low
Heavy Rain,High,Dry,Medium,58,Evening,Highway,Medium
Clear,Medium,Wet,High,69,Evening,City,Medium
Clear,Medium,Wet,High,87,Evening,City,Medium
Light Rain,Low,Dry,Medium,65,Morning,Residential,Low
Cloudy,Low,Damaged,Low,64,Evening,Rural,Medium
Light Rain,Medium,Dry,High,31,Evening,City,Low
Cloudy,Medium,Dry,High,20,Morning,Residential,Low
Clear,Medium,Wet,High,65,Afternoon,Rural,Medium
Heavy Rain,Medium,Wet,Low,56,Morning,Rural,High
Heavy Rain,High,Dry,High,49,Afternoon,City,Medium
Light Rain,Low,Wet,High,62,Morning,Rural,Low
Clear,Medium,Wet,Medium,57,Afternoon,City,Low
Light Rain,Low,Dry,High,78,Afternoon,Highway,Low
Cloudy,High,Dry,High,60,Evening,City,Low
Clear,Medium,Wet,High,45,Evening,City,Low
Fog,High,Dry,High,76,Night,Residential,Medium
Clear,Low,Dry,High,54,Morning,Highway,Low
Fog,Low,Dry,High,67,Morning,City,Low
Cloudy,Low,Wet,High,49,Night,City,Low
